[
  {
    "Street": "Av Pedro de Valdivia",
    "City/Town": "Providencia",
    "State/Province/Region": "Santiago Metropolitan Region",
    "Zip/Postal Code": "7500000",
    "Phone Number": "22047236",
    "Country": "Chile",
    "Latitude": "-33.439833",
    "Longitude": "-70.607285",
    "Full Name": "Valentina Soto Rodríguez",
    "Gender": "female",
    "Birthday": "1966-09-25",
    "Social Security Number": "N/A",
    "Credit card brand": "VISA",
    "Credit card number": "4946145534332186",
    "Expire": "01/2039",
    "CVV": "350",
    "Country_Code": "CL",
    "Time Zone": "UTC-03:00",
    "currency": "Chilean peso (CLP) - $",
    "Country_Flag": "https://flagcdn.com/w320/cl.png",
    "Flag_Emoji": "🇨🇱"
  },
  {
    "Street": "Calle Barros Arana 935, Concepcion",
    "City/Town": "Concepcion",
    "State/Province/Region": "Biobio Region",
    "Zip/Postal Code": "4030575",
    "Phone Number": "(41) 222 1489",
    "Country": "Chile",
    "Latitude": "-36.825277",
    "Longitude": "-73.047251",
    "Full Name": "Camila Muñoz Araya",
    "Gender": "female",
    "Birthday": "1982-02-12",
    "Social Security Number": "N/A",
    "Credit card brand": "UNKNOWN",
    "Credit card number": "5926096890678608",
    "Expire": "12/2035",
    "CVV": "445",
    "Country_Code": "CL",
    "Time Zone": "UTC-03:00",
    "currency": "Chilean peso (CLP) - $",
    "Country_Flag": "https://flagcdn.com/w320/cl.png",
    "Flag_Emoji": "🇨🇱"
  },
  {
    "Street": "Calle Centenario 101, San Antonio",
    "City/Town": "San Antonio",
    "State/Province/Region": "Valparaiso Region",
    "Zip/Postal Code": "N/A",
    "Phone Number": "35211807",
    "Country": "Chile",
    "Latitude": "-33.580695",
    "Longitude": "-71.611701",
    "Full Name": "Diego Muñoz Sepúlveda",
    "Gender": "male",
    "Birthday": "1966-09-30",
    "Social Security Number": "N/A",
    "Credit card brand": "UNKNOWN",
    "Credit card number": "5989272069547023",
    "Expire": "07/2026",
    "CVV": "622",
    "Country_Code": "CL",
    "Time Zone": "UTC-03:00",
    "currency": "Chilean peso (CLP) - $",
    "Country_Flag": "https://flagcdn.com/w320/cl.png",
    "Flag_Emoji": "🇨🇱"
  },
  {
    "Street": "Calle Benavente 550, Of 315 P3, Puerto Montt",
    "City/Town": "Puerto Montt",
    "State/Province/Region": "Los Lagos Region",
    "Zip/Postal Code": "5507138",
    "Phone Number": "(65) 45 1427",
    "Country": "Chile",
    "Latitude": "-41.47138",
    "Longitude": "-72.942542",
    "Full Name": "Jorge Martínez Díaz",
    "Gender": "male",
    "Birthday": "1999-02-08",
    "Social Security Number": "N/A",
    "Credit card brand": "DINERS CLUB",
    "Credit card number": "3653915337687126",
    "Expire": "01/2039",
    "CVV": "270",
    "Country_Code": "CL",
    "Time Zone": "UTC-03:00",
    "currency": "Chilean peso (CLP) - $",
    "Country_Flag": "https://flagcdn.com/w320/cl.png",
    "Flag_Emoji": "🇨🇱"
  },
  {
    "Street": "Av Estados Unidos 1080, Lo Prado",
    "City/Town": "Lo Prado",
    "State/Province/Region": "Santiago Metropolitan Region",
    "Zip/Postal Code": "9010290",
    "Phone Number": "26431169",
    "Country": "Chile",
    "Latitude": "-33.437053",
    "Longitude": "-70.737735",
    "Full Name": "Fernando Rojas Pérez",
    "Gender": "male",
    "Birthday": "2003-11-01",
    "Social Security Number": "N/A",
    "Credit card brand": "VISA",
    "Credit card number": "4894724964422220",
    "Expire": "03/2027",
    "CVV": "640",
    "Country_Code": "CL",
    "Time Zone": "UTC-03:00",
    "currency": "Chilean peso (CLP) - $",
    "Country_Flag": "https://flagcdn.com/w320/cl.png",
    "Flag_Emoji": "🇨🇱"
  },
  {
    "Street": "Calle Cinco Norte, 490",
    "City/Town": "Viña del Mar",
    "State/Province/Region": "Valparaiso Region",
    "Zip/Postal Code": "2520112",
    "Phone Number": "(32) 319 1190",
    "Country": "Chile",
    "Latitude": "-33.018141",
    "Longitude": "-71.553264",
    "Full Name": "Víctor Rodríguez Sepúlveda",
    "Gender": "male",
    "Birthday": "2004-02-21",
    "Social Security Number": "N/A",
    "Credit card brand": "VISA",
    "Credit card number": "4544135856939995",
    "Expire": "11/2034",
    "CVV": "389",
    "Country_Code": "CL",
    "Time Zone": "UTC-03:00",
    "currency": "Chilean peso (CLP) - $",
    "Country_Flag": "https://flagcdn.com/w320/cl.png",
    "Flag_Emoji": "🇨🇱"
  },
  {
    "Street": "Av Pedro de Valdivia 20, Providencia",
    "City/Town": "Providencia",
    "State/Province/Region": "Santiago Metropolitan Region",
    "Zip/Postal Code": "7500000",
    "Phone Number": "29462670",
    "Country": "Chile",
    "Latitude": "-33.42371",
    "Longitude": "-70.612313",
    "Full Name": "Francisco Araya Contreras",
    "Gender": "male",
    "Birthday": "1975-02-09",
    "Social Security Number": "N/A",
    "Credit card brand": "VISA",
    "Credit card number": "4795967735670284",
    "Expire": "07/2029",
    "CVV": "318",
    "Country_Code": "CL",
    "Time Zone": "UTC-03:00",
    "currency": "Chilean peso (CLP) - $",
    "Country_Flag": "https://flagcdn.com/w320/cl.png",
    "Flag_Emoji": "🇨🇱"
  },
  {
    "Street": "Av Providencia 1421, Providencia",
    "City/Town": "Providencia",
    "State/Province/Region": "Santiago Metropolitan Region",
    "Zip/Postal Code": "7500000",
    "Phone Number": "22649748",
    "Country": "Chile",
    "Latitude": "-33.428219",
    "Longitude": "-70.618408",
    "Full Name": "María López Martínez",
    "Gender": "female",
    "Birthday": "1967-08-25",
    "Social Security Number": "N/A",
    "Credit card brand": "UNKNOWN",
    "Credit card number": "5900222334834579",
    "Expire": "10/2039",
    "CVV": "219",
    "Country_Code": "CL",
    "Time Zone": "UTC-03:00",
    "currency": "Chilean peso (CLP) - $",
    "Country_Flag": "https://flagcdn.com/w320/cl.png",
    "Flag_Emoji": "🇨🇱"
  },
  {
    "Street": "Bulnes 216",
    "City/Town": "Los Ángeles",
    "State/Province/Region": "Biobio Region",
    "Zip/Postal Code": "4450814",
    "Phone Number": "(43) 223 4513",
    "Country": "Chile",
    "Latitude": "-37.472508",
    "Longitude": "-72.348384",
    "Full Name": "Antonio Rojas Pérez",
    "Gender": "male",
    "Birthday": "2005-10-13",
    "Social Security Number": "N/A",
    "Credit card brand": "UNKNOWN",
    "Credit card number": "5900220812842775",
    "Expire": "02/2032",
    "CVV": "862",
    "Country_Code": "CL",
    "Time Zone": "UTC-03:00",
    "currency": "Chilean peso (CLP) - $",
    "Country_Flag": "https://flagcdn.com/w320/cl.png",
    "Flag_Emoji": "🇨🇱"
  },
  {
    "Street": "Av Granaderos 1864, Calama",
    "City/Town": "Calama",
    "State/Province/Region": "Antofagasta Region",
    "Zip/Postal Code": "1390726",
    "Phone Number": "(55) 231 8888",
    "Country": "Chile",
    "Latitude": "-22.462367",
    "Longitude": "-68.927863",
    "Full Name": "Luis Muñoz Díaz",
    "Gender": "male",
    "Birthday": "1976-07-09",
    "Social Security Number": "N/A",
    "Credit card brand": "UNKNOWN",
    "Credit card number": "5964444550843547",
    "Expire": "04/2030",
    "CVV": "470",
    "Country_Code": "CL",
    "Time Zone": "UTC-03:00",
    "currency": "Chilean peso (CLP) - $",
    "Country_Flag": "https://flagcdn.com/w320/cl.png",
    "Flag_Emoji": "🇨🇱"
  }
]