[
  {
    "Street": "Taikos gatvė 157",
    "City/Town": "Vilnius",
    "State/Province/Region": "N/A",
    "Zip/Postal Code": "05208",
    "Phone Number": "(8-5) 240 0455",
    "Country": "Lithuania",
    "Latitude": "54.715356",
    "Longitude": "25.212976",
    "Full Name": "Jurgis Kazlaukas",
    "Gender": "male",
    "Birthday": "1997-04-04",
    "Social Security Number": "688-21-9892",
    "Credit card brand": "VISA",
    "Credit card number": "4797098510130944",
    "Expire": "01/2036",
    "CVV": "445",
    "Country_Code": "LT",
    "Time Zone": "UTC+02:00",
    "currency": "Euro (EUR) - €",
    "Country_Flag": "https://flagcdn.com/w320/lt.png",
    "Flag_Emoji": "🇱🇹"
  },
  {
    "Street": "Lukiškių gatvė 5",
    "City/Town": "Vilnius",
    "State/Province/Region": "N/A",
    "Zip/Postal Code": "01108",
    "Phone Number": "(8-683) 41524",
    "Country": "Lithuania",
    "Latitude": "54.693018",
    "Longitude": "25.267694",
    "Full Name": "Estela Vasiliauskienė",
    "Gender": "female",
    "Birthday": "2000-01-15",
    "Social Security Number": "107-69-7070",
    "Credit card brand": "MASTERCARD",
    "Credit card number": "5126936810806136",
    "Expire": "05/2031",
    "CVV": "461",
    "Country_Code": "LT",
    "Time Zone": "UTC+02:00",
    "currency": "Euro (EUR) - €",
    "Country_Flag": "https://flagcdn.com/w320/lt.png",
    "Flag_Emoji": "🇱🇹"
  },
  {
    "Street": "V. Kudirkos gatvė",
    "City/Town": "Druskininkai",
    "State/Province/Region": "N/A",
    "Zip/Postal Code": "66120",
    "Phone Number": "(8-313) 53409",
    "Country": "Lithuania",
    "Latitude": "54.019992",
    "Longitude": "23.977533",
    "Full Name": "Soneta Pociūtė",
    "Gender": "female",
    "Birthday": "1975-05-24",
    "Social Security Number": "481-20-3173",
    "Credit card brand": "MASTERCARD",
    "Credit card number": "5319102945167780",
    "Expire": "04/2036",
    "CVV": "739",
    "Country_Code": "LT",
    "Time Zone": "UTC+02:00",
    "currency": "Euro (EUR) - €",
    "Country_Flag": "https://flagcdn.com/w320/lt.png",
    "Flag_Emoji": "🇱🇹"
  },
  {
    "Street": "Polocko gatvė 53",
    "City/Town": "Vilnius",
    "State/Province/Region": "N/A",
    "Zip/Postal Code": "01205",
    "Phone Number": "(8-5) 210 5861",
    "Country": "Lithuania",
    "Latitude": "54.682017",
    "Longitude": "25.311302",
    "Full Name": "Leda Pociūtė",
    "Gender": "female",
    "Birthday": "1992-08-25",
    "Social Security Number": "701-61-3846",
    "Credit card brand": "MASTERCARD",
    "Credit card number": "5570219771020224",
    "Expire": "12/2036",
    "CVV": "306",
    "Country_Code": "LT",
    "Time Zone": "UTC+02:00",
    "currency": "Euro (EUR) - €",
    "Country_Flag": "https://flagcdn.com/w320/lt.png",
    "Flag_Emoji": "🇱🇹"
  },
  {
    "Street": "Rotušės aikštė 10",
    "City/Town": "Kaunas",
    "State/Province/Region": "N/A",
    "Zip/Postal Code": "44279",
    "Phone Number": "(8-37) 320956",
    "Country": "Lithuania",
    "Latitude": "54.896404",
    "Longitude": "23.885476",
    "Full Name": "Erdvilė Butkutė",
    "Gender": "female",
    "Birthday": "1974-04-05",
    "Social Security Number": "348-16-1066",
    "Credit card brand": "VISA",
    "Credit card number": "4623532673947975",
    "Expire": "10/2026",
    "CVV": "537",
    "Country_Code": "LT",
    "Time Zone": "UTC+02:00",
    "currency": "Euro (EUR) - €",
    "Country_Flag": "https://flagcdn.com/w320/lt.png",
    "Flag_Emoji": "🇱🇹"
  },
  {
    "Street": "Lypkių gatvė 20",
    "City/Town": "Klaipėda",
    "State/Province/Region": "N/A",
    "Zip/Postal Code": "95101",
    "Phone Number": "(8-46) 347251",
    "Country": "Lithuania",
    "Latitude": "55.682075",
    "Longitude": "21.219153",
    "Full Name": "Albina Pociūtė",
    "Gender": "female",
    "Birthday": "1970-07-05",
    "Social Security Number": "010-56-7541",
    "Credit card brand": "VISA",
    "Credit card number": "4146156064289397",
    "Expire": "09/2027",
    "CVV": "844",
    "Country_Code": "LT",
    "Time Zone": "UTC+02:00",
    "currency": "Euro (EUR) - €",
    "Country_Flag": "https://flagcdn.com/w320/lt.png",
    "Flag_Emoji": "🇱🇹"
  },
  {
    "Street": "Verkių gatvė 100",
    "City/Town": "Vilnius",
    "State/Province/Region": "N/A",
    "Zip/Postal Code": "08406",
    "Phone Number": "(8-5) 271 1666",
    "Country": "Lithuania",
    "Latitude": "54.74577",
    "Longitude": "25.290892",
    "Full Name": "Kondratas Sakalauskas",
    "Gender": "male",
    "Birthday": "1989-05-29",
    "Social Security Number": "314-26-4191",
    "Credit card brand": "MASTERCARD",
    "Credit card number": "5351669990257814",
    "Expire": "09/2026",
    "CVV": "106",
    "Country_Code": "LT",
    "Time Zone": "UTC+02:00",
    "currency": "Euro (EUR) - €",
    "Country_Flag": "https://flagcdn.com/w320/lt.png",
    "Flag_Emoji": "🇱🇹"
  },
  {
    "Street": "Gedimino Prospektas 37",
    "City/Town": "Vilnius",
    "State/Province/Region": "N/A",
    "Zip/Postal Code": "01109",
    "Phone Number": "(8-656) 19929",
    "Country": "Lithuania",
    "Latitude": "54.689269",
    "Longitude": "25.267606",
    "Full Name": "Lilijana Vasiliauskaitė",
    "Gender": "female",
    "Birthday": "1970-06-30",
    "Social Security Number": "644-32-9454",
    "Credit card brand": "MASTERCARD",
    "Credit card number": "5394719924573171",
    "Expire": "07/2033",
    "CVV": "382",
    "Country_Code": "LT",
    "Time Zone": "UTC+02:00",
    "currency": "Euro (EUR) - €",
    "Country_Flag": "https://flagcdn.com/w320/lt.png",
    "Flag_Emoji": "🇱🇹"
  },
  {
    "Street": "S. Nėries gatvė 6",
    "City/Town": "Rumšiškės",
    "State/Province/Region": "N/A",
    "Zip/Postal Code": "56336",
    "Phone Number": "(8-346) 47118",
    "Country": "Lithuania",
    "Latitude": "54.866474",
    "Longitude": "24.201321",
    "Full Name": "Jogintė Kazlauskaitė",
    "Gender": "female",
    "Birthday": "1972-06-27",
    "Social Security Number": "222-08-6390",
    "Credit card brand": "MASTERCARD",
    "Credit card number": "5254635464644439",
    "Expire": "11/2029",
    "CVV": "578",
    "Country_Code": "LT",
    "Time Zone": "UTC+02:00",
    "currency": "Euro (EUR) - €",
    "Country_Flag": "https://flagcdn.com/w320/lt.png",
    "Flag_Emoji": "🇱🇹"
  },
  {
    "Street": "Švitrigailos gatvė 4",
    "City/Town": "Vilnius",
    "State/Province/Region": "N/A",
    "Zip/Postal Code": "03222",
    "Phone Number": "(8-5) 265 0101",
    "Country": "Lithuania",
    "Latitude": "54.680186",
    "Longitude": "25.266329",
    "Full Name": "Zakarijus Petrauskas",
    "Gender": "male",
    "Birthday": "1974-02-21",
    "Social Security Number": "591-54-5546",
    "Credit card brand": "MASTERCARD",
    "Credit card number": "5168896243155734",
    "Expire": "09/2036",
    "CVV": "492",
    "Country_Code": "LT",
    "Time Zone": "UTC+02:00",
    "currency": "Euro (EUR) - €",
    "Country_Flag": "https://flagcdn.com/w320/lt.png",
    "Flag_Emoji": "🇱🇹"
  }
]